,index,0
0,hello,111
1,uh,159
2,sure.,27
3,so,836
4,there,124
5,is,502
6,a,515
7,policy,31
8,right,137
9,that,637
10,if,279
11,you,997
12,apply,18
13,for,351
14,leave,50
15,more,81
16,than,27
17,three,27
18,days,36
19,have,511
20,to,938
21,give,50
22,15,4
23,of,462
24,notice.,2
25,when,51
26,try,16
27,two,28
28,also,137
29,and,902
30,keep,14
31,it,473
32,as,107
33,monday,1
34,friday,4
35,kicker,1
36,does,5
37,not,187
38,allow,2
39,that.,80
40,this,294
41,something,78
42,i,810
43,recently,7
44,faced.,1
45,the.,23
46,the,1110
47,second.,4
48,we,720
49,can,413
50,connect.,2
51,yep.,12
52,client.,4
53,yeah.,316
54,plus,3
55,one,159
56,purest,1
57,point,63
58,right.,144
59,like,571
60,around,19
61,22,2
62,leaves,31
63,pending,3
64,so.,57
65,build,8
66,went,7
67,bus,3
68,going,46
69,there.,19
70,yes.,58
71,ok.,198
72,last,36
73,night,4
74,itself,11
75,was,109
76,just,185
77,through,25
78,with,166
79,linkedin,23
80,then,109
81,find,6
82,out,73
83,paper,6
84,how,119
85,example,17
86,particular,34
87,about,126
88,forecasting,5
89,in.,12
90,lots,3
91,retail,2
92,project,69
93,where,62
94,people,140
95,use,18
96,amazon,1
97,4180,1
98,countries,2
99,data,30
100,set,10
101,400,1
102,million,1
103,sql,28
104,don't,115
105,know,359
106,exact,2
107,number,6
108,but,178
109,it's,197
110,very,89
111,huge,3
112,do,154
113,forecasting.,1
114,found,3
115,prefers,1
116,they,157
117,explain,6
118,they're,15
119,evolved,1
120,respect,5
121,time,77
122,what,205
123,current,6
124,model,5
125,are,320
126,using,9
127,right?,170
128,thing,84
129,group,8
130,2-3,6
131,which,87
132,invest,2
133,week,14
134,or,234
135,three-week.,1
136,share,41
137,knowledge,19
138,session,22
139,all,134
140,team,55
141,everyone,48
142,problem,24
143,facing,5
144,simply,3
145,add,27
146,value,2
147,our,77
148,solutions.,2
149,think,201
150,company,24
151,wise,2
152,need,39
153,whoever,8
154,interested,12
155,go,96
156,13,2
157,window,2
158,day,30
159,even,42
160,month,22
161,few,22
162,codes,1
163,they'll,2
164,arithmos.,1
165,session.,5
166,happy,13
167,maybe,84
168,note,25
169,hour,4
170,notice,6
171,ppt,1
172,based,11
173,will,231
174,be,378
175,2,7
176,hours,5
177,little,17
178,bit,15
179,deep,3
180,into,26
181,model.,2
182,main,6
183,question,19
184,why,21
185,what's,6
186,benefit,2
187,still.,3
188,officially,1
189,well,39
190,make,51
191,a.,12
192,click,1
193,quarter,5
194,work,41
195,on,281
196,put,24
197,company.,4
198,ok,131
199,see,62
200,you.,112
201,small,6
202,you're,54
203,statement,5
204,specific,15
205,solution,10
206,might,26
207,different,25
208,technology,4
209,in,415
210,general,18
211,because,101
212,sometimes,5
213,tune,1
214,some,124
215,method,3
216,other,89
217,cases,3
218,that's,118
219,important,10
220,like.,24
221,upskilling,54
222,basically,27
223,topic.,10
224,skills,13
225,someone,25
226,else,36
227,better,27
228,skill,15
229,my,91
230,requirement,2
231,different.,3
232,person,32
233,academic,1
234,course,14
235,say,85
236,at,65
237,take,49
238,5,9
239,batches,3
240,already,29
241,dependent,3
242,freshers,11
243,earth,1
244,we're,14
245,working,59
246,year,26
247,three-year,1
248,experience,11
249,four,2
250,upscaling,21
251,edit,2
252,up,48
253,those,43
254,good,55
255,training,17
256,program,18
257,everything.,9
258,i'm,127
259,thinking,6
260,own,11
261,web,2
262,page,8
263,portal,11
264,kind,57
265,six,5
266,months,9
267,old,2
268,years,4
269,start,34
270,creating,3
271,content,3
272,videos,2
273,who's,4
274,coming,31
275,float,1
276,challenge?,1
277,learn,18
278,second,12
279,aptitude,2
280,importantly,1
281,cannot,8
282,teach,1
283,motivate,1
284,every,28
285,we'll,52
286,time.,15
287,create,6
288,flow,5
289,their,40
290,project.,8
291,step,9
292,by,26
293,first,38
294,third,3
295,fourth,1
296,proper,5
297,documentation.,4
298,video,11
299,well.,25
300,their.,1
301,scenario,1
302,face,12
303,solve,6
304,much,42
305,useful,6
306,guess,23
307,yes,108
308,didn't,17
309,connect,19
310,refer,9
311,id,1
312,password,1
313,watch,3
314,whenever,8
315,want.,2
316,system,10
317,motivated,1
318,summary.,2
319,incentive,1
320,yet.,6
321,having,28
322,new,30
323,booming,2
324,list,7
325,down,9
326,an,59
327,azure,2
328,want,126
329,certification,6
330,really,31
331,helpful,17
332,me,75
333,guide,3
334,getting,18
335,certificates,1
336,best,6
337,your,170
338,role.,1
339,god,1
340,roja.,1
341,guidelines,2
342,has,72
343,done,23
344,these,57
345,path,3
346,certifications.,2
347,aritra,4
348,looked,2
349,free,7
350,something.,17
351,till,8
352,10:00,4
353,pm,2
354,over,11
355,any,138
356,hackathon,1
357,again.,11
358,late,2
359,again,29
360,film,1
361,engagement,3
362,it.,102
363,what?,10
364,feeling.,1
365,wanna,14
366,highlight,2
367,same,29
368,encasement,1
369,wanna.,1
370,saying,16
371,top,9
372,mind,6
373,only,62
374,bring,8
375,change.,2
376,no,89
377,hope,19
378,next,38
379,year.,6
380,item.,1
381,year?,1
382,took,6
383,zero,1
384,now.,27
385,everything,23
386,devajoy,1
387,such,12
388,state,2
389,finish,4
390,afford.,1
391,taking,9
392,daily,2
393,confused,1
394,happening,16
395,this.,21
396,yeah,202
397,least,19
398,50%.,1
399,thanks,18
400,everyone.,19
401,bye.,9
402,present.,4
403,giant.,1
404,hello.,9
405,sorry,19
406,interrupt.,1
407,sharing?,1
408,sharing,14
409,anything?,3
410,guys,74
411,internet?,2
412,mean,36
413,cross,22
414,teams,5
415,whatever,20
416,currently.,1
417,lot,31
418,times,4
419,another,17
420,knowing,4
421,been,50
422,reduces,1
423,spend,3
424,60%,2
425,reusing,1
426,45%,1
427,optimizing,1
428,hmm.,28
429,conducting,3
430,would,174
431,nice.,7
432,documentation,14
433,read,8
434,happen,13
435,or.,3
436,way.,5
437,way,29
438,could,79
439,can.,8
440,instead,9
441,know.,35
442,directory,4
443,currently,13
444,areas.,1
445,helps,2
446,reaching,2
447,quicker.,1
448,respective,1
449,ourselves,2
450,compulsory,1
451,meetings.,2
452,required,4
453,whatever.,4
454,relevant,1
455,hey,7
456,required.,2
457,actually,25
458,telling,6
459,available,11
460,topics,52
461,unless,2
462,require,2
463,uh.,31
464,umm.,61
465,meeting.,10
466,actually.,3
467,talk,24
468,policy.,6
469,outsourced,1
470,ganit,41
471,lenient,1
472,terms,16
473,stuff,10
474,but.,9
475,comes,8
476,client,18
477,might.,1
478,stringent,1
479,off,6
480,get,75
481,clients,2
482,works,3
483,us,51
484,that?,12
485,to.,24
486,had,35
487,previous,13
488,november,3
489,batch,6
490,were,31
491,supposed,7
492,encash,1
493,variable,2
494,pay,3
495,keka,5
496,long,7
497,30th,4
498,payout,1
499,date.,1
500,now,88
501,date,3
502,changed,5
503,december.,2
504,ohh,34
505,reached,1
506,sivaraman,3
507,jyoti,3
508,regarding,17
509,wanted,16
510,moment.,3
511,entire,8
512,be.,12
513,hackathon.,1
514,chat,3
515,who,63
516,interested.,1
517,obviously,9
518,bound,1
519,limit,1
520,wins?,1
521,definitely,16
522,not.,13
523,my.,4
524,being,26
525,wants,12
526,me.,11
527,thing.,33
528,ohh.,6
529,2nd,3
530,january,2
531,2023,1
532,from,154
533,wait,10
534,1st,3
535,january?,1
536,since,7
537,calendar,7
538,only?,1
539,mother,1
540,huh.,1
541,tick.,1
542,even.,2
543,manager,13
544,walking,2
545,weekend,1
546,comp,3
547,he,30
548,she,8
549,approves,3
550,2a,1
551,job,5
552,complicate.,1
553,dumb,1
554,compone,1
555,theater,1
556,big,6
557,kiss,1
558,school,1
559,matlab,2
560,kiska,1
561,approvals,1
562,did,8
563,decimate?,1
564,used,19
565,nando's,1
566,name.,2
567,approve,1
568,combo.,1
569,office,27
570,internet,15
571,bad.,2
572,l.,1
573,i'd,2
574,probably.,2
575,throw,1
576,under,3
577,front,2
578,am,16
579,protected.,1
580,love,4
581,sleep.,1
582,look,9
583,are.,7
584,comfortable,4
585,some.,8
586,high,5
587,end,9
588,bouncer,1
589,dodge,1
590,ball,1
591,probably,18
592,allowed,4
593,fumble,1
594,check,39
595,more.,3
596,makes,8
597,sense,13
598,repository,19
599,suppose,6
600,pick,2
601,document,22
602,understandable,2
603,made,16
604,internally.,1
605,concept.,1
606,arya,1
607,sorry.,11
608,software,2
609,short,2
610,should,93
611,worked,9
612,example.,3
613,containing,1
614,haven't,5
615,previously,3
616,on.,16
617,readily,2
618,internally,1
619,created,6
620,outside,2
621,question.,7
622,reason,14
623,goes,5
624,123,1
625,directly,4
626,9?,1
627,collect,5
628,understood.,2
629,sick,9
630,got,44
631,only.,5
632,can't,12
633,applied,8
634,day.,8
635,before,16
636,hand,1
637,become,10
638,changed.,4
639,tomorrow.,1
640,that's.,3
641,jain,5
642,voice,4
643,lagging.,1
644,still,25
645,issue.,6
646,laggy,1
647,voice.,1
648,hi,7
649,probationary,3
650,clause,1
651,mentioned,12
652,joined,8
653,intern,3
654,february.,1
655,converted,4
656,september,4
657,probation,4
658,period,9
659,completed,4
660,professional,2
661,clearly,3
662,feb,1
663,said,24
664,leaves.,8
665,clarity,6
666,us.,13
667,ganitan,4
668,primary,2
669,intern.,1
670,full,10
671,september.,4
672,file,3
673,period.,1
674,exactly,7
675,means.,2
676,month.,4
677,employee.,3
678,ah,4
679,you?,6
680,internal,2
681,many,20
682,asking,17
683,permission,1
684,after,17
685,converting,1
686,follow,5
687,trade,1
688,five,10
689,months.,4
690,means,6
691,may,5
692,clear,4
693,gonna,7
694,guess?,1
695,hear,21
696,me?,8
697,please,47
698,come,50
699,please?,3
700,start.,6
701,let's,42
702,roll,2
703,call.,1
704,believe,3
705,need.,2
706,lakshmi,5
707,swamy.,3
708,pretty,23
709,dead.,1
710,rohan,3
711,ravindra,1
712,kadam.,1
713,ankita,5
714,biswas.,1
715,anita.,2
716,dear.,1
717,tell,7
718,prayag,1
719,verma?,1
720,aditya,1
721,marat.,1
722,sourishkumaar,1
723,karajan.,1
724,punjab,1
725,gopal.,1
726,care.,1
727,shouldn't,5
728,pankaj.,2
729,dashlane,1
730,mathumitha.,1
731,meter.,1
732,satish.,1
733,baby,1
734,trinity.,1
735,akash.,2
736,john.,1
737,camera,1
738,alright,5
739,between.,2
740,pulse,40
741,certain,11
742,doing,28
743,check.,8
744,thought,27
745,generally,3
746,talking,19
747,felt,2
748,common,3
749,direction,4
750,whole,8
751,process,12
752,process.,3
753,blocking,2
754,becoming,3
755,tractive,1
756,there's,38
757,overall,4
758,burnt,1
759,built,3
760,sessions,20
761,too,9
762,long.,2
763,tried,6
764,changes,10
765,structured,1
766,decided,1
767,here.,21
768,failed,1
769,pre,6
770,service,6
771,taken,13
772,conduct,1
773,participation,5
774,presuming,3
775,service.,2
776,speak,6
777,interactions,2
778,sure,29
779,groups,5
780,prepared,2
781,speak.,5
782,trying,16
783,things,60
784,do.,8
785,screen,8
786,i'll,34
787,checks,3
788,part,33
789,13th,2
790,seen,9
791,observed,2
792,equally,3
793,resolution,1
794,tool.,3
795,helped,2
796,institutionalized.,2
797,trialling,1
798,noticed,1
799,policies,7
800,aspects,6
801,feedback,29
802,employees,6
803,pca,21
804,kickstarted,1
805,infused,1
806,understand,12
807,goal,6
808,brings,2
809,targeted,2
810,approach.,1
811,pushed,1
812,towards,9
813,reason.,2
814,ahead.,18
815,shared,7
816,anything,74
817,nothing,16
818,mean.,3
819,speaking,6
820,let,17
821,again?,4
822,happening.,6
823,now?,8
824,sanjay,3
825,black,1
826,nevertheless,2
827,fine.,7
828,shown,1
829,done.,9
830,fast.,1
831,structuring,2
832,of.,10
833,lose,1
834,track,6
835,it?,17
836,credit,1
837,tool,5
838,change,18
839,within,10
840,employees.,2
841,rolled,5
842,member,3
843,walgreens,1
844,increased,3
845,was.,5
846,valve,1
847,introduction,1
848,gone,5
849,connected?,1
850,shut,1
851,rejoin,2
852,no.,22
853,good.,22
854,am.,2
855,doesn't,16
856,show,9
857,anything.,9
858,this?,9
859,better?,3
860,lag.,1
861,really.,4
862,laptop,3
863,device.,1
864,here?,6
865,accept.,1
866,recording,3
867,happen.,2
868,continue,5
869,yasha.,1
870,jen.,1
871,seed,1
872,needed,4
873,sometime.,1
874,excel,5
875,aws,8
876,errors,1
877,procedure,3
878,jdbc,1
879,connections,1
880,all.,13
881,anyone,22
882,future,8
883,them,41
884,people.,5
885,exactly.,3
886,area?,1
887,python,6
888,pittsburg,1
889,important.,3
890,partnering,1
891,someone.,3
892,companies,1
893,beneficial,2
894,just?,2
895,passed,3
896,20,2
897,least?,1
898,waiters,1
899,randomly,3
900,days.,6
901,thank,148
902,weightage,1
903,encouragement.,1
904,saw,4
905,compounds.,1
906,got.,2
907,further,4
908,thoughts,15
909,sir.,9
910,adobe,1
911,entered,1
912,4:45,1
913,couldn't,6
914,join.,5
915,sir,2
916,percent.,1
917,points,25
918,existing,5
919,proposed,1
920,carry,7
921,forward,18
922,balance,3
923,have.,12
924,during,6
925,still?,1
926,join?,1
927,join,12
928,14,4
929,account.,1
930,expired,1
931,december,1
932,31st.,1
933,forcing,1
934,either,10
935,forwarded,2
936,fit.,1
937,discount,1
938,3,4
939,7,3
940,beep,1
941,beep.,1
942,giving,13
943,salary?,1
944,2.,2
945,shining.,1
946,visible.,1
947,left,4
948,cash,1
949,projects,24
950,intense,1
951,job.,3
952,provision,3
953,sort,5
954,back,19
955,pay?,1
956,called,4
957,forward.,5
958,retention,2
959,thing?,1
960,danny,1
961,1?,1
962,12th,1
963,why?,1
964,anyway,4
965,i.,7
966,once,28
967,pulsing,1
968,innings,4
969,slightly,2
970,format,3
971,wherein,7
972,for.,2
973,minutes.,6
974,schedule,5
975,longer,4
976,later,6
977,statement.,1
978,recorded,1
979,solved,2
980,similar.,1
981,deeper,1
982,discussion,14
983,complete,8
984,self,3
985,driven,2
986,wide,3
987,event,6
988,facility.,1
989,include,5
990,courses,11
991,reimbursement,3
992,scheme,1
993,coursera,2
994,standard,2
995,ones,6
996,courses.,1
997,machine,2
998,learning,21
999,out.,11
1000,here,27
1001,quick,7
1002,names,4
1003,name,6
1004,domain,3
1005,issue,15
1006,lead,8
1007,less,2
1008,key,4
1009,similar,3
1010,them.,13
1011,curious,3
1012,intentional,1
1013,have?,1
1014,i've,20
1015,intentionally.,1
1016,unlikely,1
1017,completely?,1
1018,connor,1
1019,pollyanna,1
1020,nice,13
1021,compose?,1
1022,compost,2
1023,earlier,10
1024,huh?,2
1025,he's,4
1026,rested,1
1027,his,3
1028,combos,2
1029,combos?,1
1030,told,8
1031,confused.,1
1032,far,4
1033,don't.,3
1034,speaking.,4
1035,data.,2
1036,please.,15
1037,manager.,2
1038,idea,20
1039,applies.,1
1040,do?,1
1041,what.,3
1042,man,2
1043,needs,11
1044,bye,3
1045,clock,28
1046,bit.,3
1047,mildly,1
1048,annoying.,1
1049,most,15
1050,beyond,1
1051,12,2
1052,and.,27
1053,system.,6
1054,convinced,1
1055,essentially,1
1056,weekends,2
1057,necessary?,2
1058,otherwise,6
1059,leadership,36
1060,development,16
1061,country,1
1062,breeds,1
1063,so?,1
1064,solutioning,1
1065,solving,3
1066,meetings,4
1067,witness,1
1068,how.,1
1069,managers,4
1070,momos,1
1071,problem.,8
1072,complicated,1
1073,exposure,3
1074,problems,5
1075,place,11
1076,joins,1
1077,information,4
1078,always,10
1079,sit,3
1080,walk,1
1081,ideation,1
1082,brainstorming,1
1083,exercise,2
1084,interesting,4
1085,discuss,40
1086,key.,2
1087,poll?,2
1088,ronya.,1
1089,document.,5
1090,achieve,2
1091,jayita,2
1092,sends,1
1093,connection,2
1094,stacked,1
1095,help,28
1096,architecture,3
1097,diagram,2
1098,stack,2
1099,developer.,1
1100,call,8
1101,architectural,1
1102,diagrams.,1
1103,each,19
1104,mainframe,1
1105,in?,3
1106,how?,2
1107,where?,1
1108,architected,1
1109,items,4
1110,notes.,1
1111,guy.,2
1112,case,8
1113,born,1
1114,developers,1
1115,lot.,3
1116,newborn,1
1117,deserve,1
1118,prefer,2
1119,mail,11
1120,everybody.,4
1121,onwards,3
1122,cater,1
1123,dump,1
1124,another.,2
1125,hmm,2
1126,should.,2
1127,numbers,1
1128,gave.,1
1129,book,1
1130,made.,1
1131,additionally,1
1132,point?,3
1133,10,13
1134,communications,5
1135,as.,1
1136,management,11
1137,difficult,7
1138,manage,5
1139,communication,8
1140,skilled,1
1141,new.,1
1142,situation,7
1143,solution.,1
1144,be?,1
1145,missed,4
1146,point.,14
1147,like?,1
1148,play,1
1149,developer,5
1150,move,7
1151,consider,4
1152,not?,3
1153,think.,8
1154,today.,6
1155,it's.,10
1156,open,23
1157,source,6
1158,contribution,2
1159,contribute,8
1160,services,2
1161,platform,11
1162,where.,2
1163,collaboration.,2
1164,collaborate,1
1165,globe,1
1166,perspective,3
1167,exposure.,1
1168,basic,5
1169,view,6
1170,developing,4
1171,consideration,1
1172,apply.,1
1173,skills.,2
1174,agile.,1
1175,saturday,1
1176,telling?,1
1177,baby.,1
1178,button,1
1179,feel,20
1180,good?,4
1181,picture,3
1182,streams,1
1183,under?,1
1184,own.,1
1185,looking,11
1186,blank,1
1187,space.,1
1188,great,17
1189,then.,8
1190,exit,1
1191,coding,1
1192,mute,4
1193,recording.,1
1194,insane,1
1195,happened.,3
1196,noted,4
1197,one.,4
1198,brought,4
1199,feedback.,5
1200,listing,1
1201,initiatives,4
1202,through.,3
1203,queries,3
1204,salary,2
1205,stuff.,3
1206,introduce,4
1207,visa,1
1208,improvements,3
1209,incidents,1
1210,reduced,1
1211,today's,9
1212,topic,34
1213,items.,1
1214,collective,3
1215,knowledge.,2
1216,ring,1
1217,came,3
1218,discussion.,3
1219,filled,1
1220,prepare,3
1221,survey?,1
1222,survey,6
1223,any?,1
1224,about?,1
1225,talked,4
1226,about.,2
1227,setting,2
1228,ankita.,2
1229,expect?,1
1230,definition,2
1231,happen?,1
1232,ask,20
1233,projects?,1
1234,anybody,22
1235,chip,2
1236,contribute?,1
1237,video?,2
1238,home,4
1239,loan,1
1240,interrupt,2
1241,problem?,1
1242,known,3
1243,becomes,2
1244,easy,7
1245,repair,1
1246,understand.,3
1247,fine,4
1248,won't,5
1249,written,3
1250,wow,1
1251,various,2
1252,sets,2
1253,templates,3
1254,ahead,21
1255,send,7
1256,update,5
1257,institutionalized,1
1258,across,7
1259,suggestions?,5
1260,arya.,1
1261,suggesting?,1
1262,fair,1
1263,enough.,1
1264,parking,1
1265,mostly,1
1266,exceed,1
1267,5-10,1
1268,minutes,11
1269,couple,10
1270,cover,3
1271,spoken,3
1272,e-mail,6
1273,thoughts.,3
1274,frame,1
1275,skip,2
1276,floated,1
1277,is.,12
1278,upscaling.,3
1279,else?,14
1280,wish,1
1281,say?,2
1282,cancel.,1
1283,harish.,1
1284,naresh.,1
1285,online,3
1286,man.,1
1287,part?,2
1288,matching,1
1289,points.,5
1290,especially,8
1291,tenured,1
1292,compared,4
1293,joiners.,1
1294,making,5
1295,nearby.,1
1296,backups,1
1297,created.,1
1298,alright.,4
1299,anymore,2
1300,suggestions.,4
1301,feasible,2
1302,conducted,4
1303,technologies,3
1304,power.,1
1305,subject,1
1306,matter,2
1307,expert,2
1308,hand.,2
1309,questions,14
1310,demonstrate,1
1311,sme,1
1312,curve,1
1313,both,6
1314,half,5
1315,45,1
1316,minute,2
1317,completely,8
1318,optional,1
1319,week.,5
1320,help.,6
1321,thoughts?,6
1322,spoke,2
1323,madhumita?,1
1324,marked,1
1325,absent,1
1326,rita.,1
1327,thought.,4
1328,colon.,1
1329,arish.,1
1330,parish.,1
1331,upskilling?,1
1332,detail?,1
1333,detail,2
1334,given,26
1335,quite,9
1336,bad,3
1337,enough,4
1338,discussed,14
1339,technical,4
1340,things.,8
1341,team.,8
1342,faced,7
1343,somebody,9
1344,beautiful,1
1345,innovative,5
1346,replied?,1
1347,anecdotes,3
1348,explaining,1
1349,theoretical,1
1350,coffee,1
1351,kinds,1
1352,encourage,2
1353,successfully,4
1354,documented,2
1355,shared.,2
1356,eventually,1
1357,absolutely.,2
1358,trigger,1
1359,ways,4
1360,innovatively.,1
1361,opens,1
1362,mind.,4
1363,today,12
1364,policies.,3
1365,ugly.,2
1366,happened,7
1367,suggest,5
1368,see?,2
1369,mm-hmm.,11
1370,side,15
1371,expect,1
1372,independence,1
1373,india.,1
1374,holiday,6
1375,correct,3
1376,precedence.,1
1377,west,1
1378,bengal,1
1379,durga,1
1380,puja,1
1381,versus,1
1382,festivals,2
1383,south.,1
1384,disparities.,1
1385,prevent.,1
1386,adjust,1
1387,calendar.,2
1388,whether,6
1389,gives,3
1390,tuned.,1
1391,raised,3
1392,confusion,1
1393,side.,18
1394,offshore,1
1395,locations,2
1396,leeway,1
1397,properly,1
1398,communicating,1
1399,holidays,4
1400,next.,4
1401,lapsed.,1
1402,recharged,1
1403,enthusiasm,1
1404,wherever,2
1405,opportunity,15
1406,enjoy.,1
1407,work.,10
1408,conscious,1
1409,with.,4
1410,idea.,2
1411,25,1
1412,beginning,2
1413,wordings,1
1414,sudden,3
1415,organization.,2
1416,aware,13
1417,systematically,1
1418,consume,3
1419,experience.,2
1420,happens,4
1421,agree.,2
1422,extent,1
1423,covered,7
1424,carryforward,1
1425,limited,2
1426,case.,1
1427,it'll,4
1428,50,2
1429,consumed.,1
1430,you'll,3
1431,back-to-back,1
1432,back.,2
1433,valid,6
1434,sales,1
1435,lakshit,2
1436,facilities,2
1437,provided,5
1438,structure?,1
1439,research,4
1440,answer,4
1441,quiet?,1
1442,quite.,1
1443,white.,2
1444,guys?,4
1445,aditya?,1
1446,question?,2
1447,noise,1
1448,couldn't.,1
1449,listen,4
1450,big.,1
1451,overspend,1
1452,much.,15
1453,became,1
1454,employee,12
1455,meter,1
1456,understanding,4
1457,aditya.,1
1458,tricky,1
1459,situation.,4
1460,adequate,1
1461,harm,3
1462,writing,7
1463,chart,2
1464,approved,1
1465,exceptional,2
1466,basis,4
1467,town,1
1468,explore,4
1469,possibility.,1
1470,per,7
1471,probation.,1
1472,matter.,1
1473,avail,1
1474,exception,1
1475,approval,2
1476,supervisor,1
1477,hr.,1
1478,approve.,1
1479,policies?,1
1480,pulses?,1
1481,devolved,1
1482,control,1
1483,page.,3
1484,write,7
1485,written.,1
1486,pages,3
1487,edits,1
1488,edited,1
1489,10th,1
1490,15th,1
1491,history,1
1492,logs.,1
1493,everybody,29
1494,nobody,4
1495,slowly,2
1496,talk?,1
1497,survey.,2
1498,three.,3
1499,ensure,1
1500,3.,3
1501,far.,3
1502,suggest?,3
1503,aria.,1
1504,tea.,1
1505,geeta.,1
1506,skilling,6
1507,skilling.,2
1508,pictures.,1
1509,detail.,1
1510,aspect,3
1511,first.,1
1512,fun,12
1513,video.,3
1514,screen.,3
1515,close,4
1516,upskilling.,10
1517,expertise.,1
1518,permit,1
1519,standpoint.,1
1520,killing.,1
1521,killing,5
1522,introduce.,1
1523,class,2
1524,peoples,2
1525,time?,2
1526,home.,2
1527,source.,2
1528,suggest.,1
1529,exposed,1
1530,collaborative,2
1531,substring,1
1532,asset,1
1533,members,2
1534,tack,1
1535,stream,1
1536,specialization,1
1537,subscribed,1
1538,programs,8
1539,platforms,3
1540,live,1
1541,systematic,1
1542,pulses.,1
1543,naresh,4
1544,ac,1
1545,clicking,1
1546,questions.,5
1547,assignment,3
1548,sense.,4
1549,replace,1
1550,mean?,1
1551,here's,1
1552,sharp,1
1553,eye,1
1554,hold,6
1555,launch,9
1556,justice.,1
1557,running,1
1558,launch.,1
1559,amber,2
1560,called.,1
1561,70%,1
1562,puts,1
1563,567.,1
1564,correct.,7
1565,vishal,1
1566,behind,4
1567,general.,1
1568,performed,2
1569,complete.,2
1570,blind,1
1571,yellow,1
1572,blind.,1
1573,responses.,2
1574,19.,2
1575,come.,3
1576,missed?,1
1577,attendance,1
1578,14th,1
1579,over.,1
1580,yourself,6
1581,organization,6
1582,you've,2
1583,helping,6
1584,upskill,2
1585,aws.,1
1586,followed,1
1587,ever.,1
1588,alerted,1
1589,certification?,1
1590,studied,1
1591,certificate.,1
1592,careful,1
1593,collecting,1
1594,ups,1
1595,killings,1
1596,reassure,1
1597,hey.,3
1598,hi.,5
1599,person.,5
1600,rather,10
1601,scale,3
1602,sometimes.,1
1603,along,5
1604,ml,1
1605,demand,2
1606,gcpl.,1
1607,parts,2
1608,focus,6
1609,srinidi.,1
1610,field,2
1611,upscale,2
1612,appreciate,2
1613,choose,4
1614,certifications,2
1615,hundreds,1
1616,specifically,2
1617,irrespective,5
1618,into.,1
1619,useful.,1
1620,srinidi,1
1621,discussing,14
1622,details,3
1623,contact,7
1624,stuck,2
1625,somewhere,5
1626,grip,1
1627,doubt,3
1628,umm,8
1629,see.,6
1630,many?,1
1631,viswanath,1
1632,verbal,1
1633,building,5
1634,according,3
1635,accumulated,2
1636,attend,9
1637,able,19
1638,personal,3
1639,compose.,2
1640,keka.,2
1641,class.,2
1642,suggestion,8
1643,sequel,9
1644,apart,18
1645,bytes,2
1646,touch,2
1647,projects.,4
1648,clubs,24
1649,inputs,5
1650,raj,6
1651,better.,5
1652,patch,2
1653,mentors,1
1654,upcoming,8
1655,advanced,1
1656,levels,2
1657,mentor.,1
1658,player,1
1659,stand.,1
1660,mute.,4
1661,bangalore,4
1662,office.,10
1663,30,2
1664,initial.,1
1665,selling,1
1666,initiative,1
1667,launched,8
1668,portal.,1
1669,pc,3
1670,handy,1
1671,qualities,1
1672,usually,4
1673,access,10
1674,quality.,1
1675,improve,5
1676,myself,1
1677,qualities.,1
1678,lost,4
1679,network.,1
1680,rejoined.,1
1681,nothing.,5
1682,internet.,4
1683,interact,5
1684,other.,6
1685,joining,1
1686,helpless,1
1687,jody.,1
1688,others.,7
1689,turn,4
1690,getting.,2
1691,discuss?,1
1692,catchment.,1
1693,opinion,4
1694,discuss.,4
1695,quickly,7
1696,jump,1
1697,which.,1
1698,issues,9
1699,ones.,1
1700,revert,2
1701,ave,1
1702,ideas,8
1703,implement,6
1704,lego,1
1705,your.,4
1706,pointing,1
1707,upscaling?,1
1708,development.,6
1709,ideas.,1
1710,related,8
1711,interest.,2
1712,newer,2
1713,technologies.,1
1714,facilitate,1
1715,seeing,4
1716,intranet,4
1717,referred,1
1718,our.,1
1719,shoraj,7
1720,piyush,2
1721,questionary,1
1722,add?,2
1723,mine,2
1724,mentioned.,1
1725,priced,1
1726,rate.,1
1727,partnership,1
1728,udemy,2
1729,materials.,1
1730,add.,4
1731,looking.,1
1732,technology.,1
1733,tagging,1
1734,parameters.,1
1735,intentional.,2
1736,random,2
1737,generator,1
1738,gave,1
1739,medical,3
1740,claims.,1
1741,unmarried,1
1742,claim,1
1743,parents.,2
1744,married,2
1745,down.,6
1746,sometime,1
1747,geeta,1
1748,shivram.,1
1749,applying,2
1750,drop,1
1751,mail.,1
1752,taken.,2
1753,pass,5
1754,information.,1
1755,encashment,1
1756,hopes,1
1757,portion,1
1758,maximum,1
1759,encashed,1
1760,blowing,1
1761,50%,1
1762,leaves?,1
1763,issue?,2
1764,request,4
1765,write.,1
1766,pop-up,1
1767,infection.,1
1768,isolated,1
1769,finally,3
1770,poll,8
1771,ratings,1
1772,wrap,1
1773,up.,12
1774,received,4
1775,summarize,1
1776,forth,1
1777,additional,2
1778,included,1
1779,subscription,1
1780,multiple,7
1781,cache.,1
1782,form?,1
1783,leave.,1
1784,permitting,1
1785,claims,1
1786,parents,3
1787,return,1
1788,summary,4
1789,meeting,25
1790,her,2
1791,engagement.,2
1792,analyst,6
1793,linkedin.,3
1794,attaching,1
1795,bio,1
1796,says,4
1797,ganit.,9
1798,surya,8
1799,hearing,2
1800,mic.,1
1801,supriya?,1
1802,bharani,2
1803,unmuted,1
1804,mic,1
1805,heard,4
1806,innovative.,1
1807,routine,3
1808,posts,3
1809,looks,3
1810,option,12
1811,how's,1
1812,going?,2
1813,hard,4
1814,postpone,3
1815,fast,2
1816,pushing,3
1817,approach,2
1818,efficiency,1
1819,personally,2
1820,cp,1
1821,cloud,3
1822,practitioners.,1
1823,certification.,1
1824,juggle.,1
1825,isn't,2
1826,effort,4
1827,intensive,1
1828,imagine,1
1829,intensely,1
1830,say.,6
1831,guys.,11
1832,satisfied,2
1833,sent,2
1834,copy,1
1835,pictures,2
1836,also.,11
1837,coming.,2
1838,quick.,2
1839,they've,2
1840,ultimatum.,1
1841,meet,14
1842,monday.,1
1843,background,1
1844,sensor,1
1845,rule,1
1846,amount,2
1847,less.,1
1848,somethings,1
1849,wrong,3
1850,too.,4
1851,thanks.,8
1852,table,4
1853,mandatory,5
1854,upon,5
1855,divided,1
1856,interests,1
1857,interest,9
1858,grow,4
1859,likewise,1
1860,roots,1
1861,will.,2
1862,similarly,3
1863,guess.,6
1864,criteria,2
1865,straightforward.,1
1866,term,3
1867,goals,7
1868,goals.,3
1869,met,1
1870,criteria.,1
1871,heads,1
1872,automatically,1
1873,themselves.,1
1874,radius.,1
1875,engineer,2
1876,core,6
1877,scientist.,1
1878,mandatory.,2
1879,cause,3
1880,scientist,2
1881,spending,3
1882,sequel.,1
1883,extracted,1
1884,analyzing,1
1885,estimate,1
1886,fetched.,1
1887,pipelines.,1
1888,mandate.,1
1889,depending,2
1890,role,3
1891,path.,1
1892,selective,5
1893,code,1
1894,criterias,1
1895,dealing,4
1896,dashboards,1
1897,raw,1
1898,lacking,1
1899,nourish,1
1900,friend,1
1901,select,4
1902,choice,2
1903,choice.,1
1904,audible.,2
1905,kartik,2
1906,alike,1
1907,planning?,1
1908,planning,8
1909,plan,8
1910,proceed,3
1911,topics?,3
1912,incorporate.,1
1913,learning.,3
1914,environment,3
1915,endless,1
1916,contributing,1
1917,standpoint,1
1918,listed,2
1919,possible,4
1920,transfer,3
1921,easier,5
1922,definitely.,6
1923,abhishek,6
1924,recently.,2
1925,when?,2
1926,privileged,1
1927,straight,1
1928,away,2
1929,n,1
1930,admin,1
1931,end.,7
1932,limitation,1
1933,prior,1
1934,cashman,1
1935,utilize,4
1936,pl.,3
1937,anyways,2
1938,care,2
1939,throughout,2
1940,planned,4
1941,instance,1
1942,instances,1
1943,human,1
1944,fall,1
1945,utilizing,2
1946,special,3
1947,unpredictable,2
1948,specially,3
1949,categories,2
1950,unpredictable.,1
1951,huge.,1
1952,5-5,1
1953,uncertain,1
1954,times.,2
1955,falling,2
1956,asleep,1
1957,unable,1
1958,raise,6
1959,request.,1
1960,hr,5
1961,scenario.,1
1962,category,1
1963,given.,3
1964,great.,10
1965,aligned,2
1966,comments,13
1967,olga,1
1968,weeks,3
1969,ohi,1
1970,scaling,4
1971,past,5
1972,1.5,1
1973,years.,1
1974,leader,8
1975,learned,4
1976,moved,3
1977,teammate,1
1978,handling,2
1979,provide,3
1980,calls,2
1981,shubham,2
1982,labs,3
1983,employees?,1
1984,air.,1
1985,sick.,1
1986,said?,3
1987,jain.,1
1988,calling,3
1989,names?,2
1990,unmute,1
1991,names.,1
1992,minute.,3
1993,next?,4
1994,akhilesh,3
1995,positive,3
1996,share?,2
1997,hanson,1
1998,feet.,1
1999,ordered,2
2000,koshal.,1
2001,hanson.,1
2002,kushal,1
2003,give?,1
2004,maneesh,1
2005,discussion?,1
2006,deeksha.,1
2007,shreeram,1
2008,set.,3
2009,query.,1
2010,general?,1
2011,mention,3
2012,mate.,1
2013,response,4
2014,people?,1
2015,check?,1
2016,poll.,5
2017,wind,3
2018,akshaya.,1
2019,lunch,1
2020,provided?,1
2021,wonder,2
2022,started,9
2023,tropics,1
2024,basics,1
2025,college,1
2026,supriya,7
2027,updated,6
2028,profiles,1
2029,liking,4
2030,post.,1
2031,reposting,2
2032,coconut,1
2033,kokila,3
2034,classes,1
2035,clouds,1
2036,trainings,3
2037,python.,1
2038,7.,1
2039,guarding,1
2040,br,1
2041,maybe.,4
2042,include.,1
2043,starting,4
2044,analytic,1
2045,product,2
2046,javascript,1
2047,java,1
2048,concepts.,1
2049,mess,2
2050,last.,1
2051,exam,4
2052,delay,1
2053,expiry,1
2054,link,2
2055,extended,1
2056,sharon.,1
2057,order.,1
2058,colleagues,3
2059,candidates,1
2060,selection,3
2061,criteria?,1
2062,engineering,2
2063,science,2
2064,necessary,2
2065,databases.,1
2066,transform,1
2067,such.,1
2068,though.,1
2069,somehow,2
2070,avoid,1
2071,depth.,1
2072,screening,1
2073,test.,3
2074,measure,2
2075,performance,2
2076,candidate,4
2077,test,5
2078,performing,2
2079,she's,1
2080,course.,2
2081,yet,2
2082,covered.,1
2083,learn.,2
2084,organize,1
2085,haircut,1
2086,thompson,1
2087,lab,1
2088,give.,1
2089,frequency,2
2090,prepare.,1
2091,individuals,1
2092,urgent,1
2093,concentrate,2
2094,selected.,2
2095,selected,3
2096,asked,6
2097,scheduled,1
2098,1,7
2099,addition,1
2100,insurance,5
2101,th,1
2102,profile,5
2103,added,8
2104,steps,1
2105,takes,2
2106,nistic,1
2107,supriya.,10
2108,challenges,1
2109,handled,1
2110,handwritten,1
2111,diagrammatic,1
2112,graph,1
2113,files,2
2114,fighting,1
2115,begin,1
2116,troubleshooting,1
2117,feel.,1
2118,mine.,1
2119,#2,1
2120,interconnected.,1
2121,confluence,4
2122,keeping,3
2123,line.,1
2124,heroic,1
2125,subdirectories,1
2126,single,1
2127,life,2
2128,fraser,2
2129,literals,1
2130,tasks,1
2131,wondering,1
2132,delivered,9
2133,already?,1
2134,missing.,2
2135,layer,1
2136,wpr's,1
2137,reports,1
2138,ms.,1
2139,pm's,1
2140,typical,1
2141,task,1
2142,backlogs,1
2143,sprint,1
2144,management.,5
2145,sql.,1
2146,phase,2
2147,devote,1
2148,extra,2
2149,submissions,3
2150,assignments,1
2151,choosing,3
2152,options,4
2153,dates,3
2154,way?,1
2155,virtually.,1
2156,liked,1
2157,joined.,1
2158,christmas,6
2159,enthusiastic,2
2160,senior,7
2161,vani,1
2162,amazing.,1
2163,plumb,1
2164,agree,5
2165,siddharth,1
2166,told.,2
2167,judy.,1
2168,topics.,5
2169,waiting.,2
2170,rating?,1
2171,remember,1
2172,talking.,1
2173,7-8,1
2174,wonderful,1
2175,wonderful.,1
2176,labs.,2
2177,activity,6
2178,did?,1
2179,tone,5
2180,receiving,1
2181,k,1
2182,car,1
2183,emails,3
2184,line,3
2185,7:00,2
2186,corrected,1
2187,1015,1
2188,room,3
2189,challenging,1
2190,never,2
2191,nights,2
2192,spent,2
2193,forklift.,1
2194,night.,1
2195,product.,1
2196,3:00,1
2197,luck,1
2198,6,1
2199,save,1
2200,walla,1
2201,0,2
2202,holiday.,1
2203,workload,2
2204,critical,1
2205,attendance.,1
2206,attendant,1
2207,cloaking,1
2208,58,1
2209,record,3
2210,record.,2
2211,arvind,1
2212,ronak,1
2213,databricks,1
2214,malveka,1
2215,113012,1
2216,they.,1
2217,descaling,1
2218,consequences.,1
2219,company's,1
2220,pip,1
2221,skill.,1
2222,sounds,1
2223,threat,1
2224,consequences,2
2225,interview,1
2226,gsk,1
2227,u.s.,1
2228,8,1
2229,demo,1
2230,devops,1
2231,lectures,1
2232,3-4,1
2233,ready,3
2234,upskill.,1
2235,thread.,1
2236,least.,2
2237,thread,2
2238,acceptable,1
2239,putting,4
2240,respect.,1
2241,elegant,1
2242,waiting,6
2243,any.,2
2244,sahil,4
2245,failing,3
2246,desk,1
2247,context,1
2248,focused,1
2249,solutions,7
2250,freedom.,1
2251,deliverables,1
2252,part.,2
2253,freedom,1
2254,peace,1
2255,hour.,1
2256,ok?,3
2257,finishing,1
2258,purpose,2
2259,club,27
2260,colors.,1
2261,hats,1
2262,execution,1
2263,persons,1
2264,trust,4
2265,friendship,1
2266,environment.,1
2267,motivated.,1
2268,together.,2
2269,leadership.,4
2270,develop,3
2271,secondary,1
2272,responsibility,3
2273,position,2
2274,analyst.,1
2275,momo,2
2276,parameter,1
2277,recognization,1
2278,recognizing,1
2279,leader.,3
2280,scope,1
2281,responsibility.,1
2282,jyoti.,2
2283,evening.,7
2284,initial,2
2285,function,1
2286,percent,1
2287,deck,1
2288,larger,1
2289,audience,1
2290,reality,1
2291,attention,3
2292,paying,2
2293,presentation,6
2294,meaningless.,1
2295,documents,6
2296,searchable,1
2297,search,1
2298,must,1
2299,overcome,1
2300,challenge,3
2301,atharva,2
2302,inlays,1
2303,anyone?,2
2304,othera,1
2305,casual,1
2306,conversation,1
2307,charity,1
2308,invite,1
2309,chennai,2
2310,regularly.,1
2311,ganitans,6
2312,respond,1
2313,option.,4
2314,highlighting,1
2315,examined,1
2316,hard.,2
2317,resource,2
2318,otherwise.,1
2319,planning.,1
2320,afraid,2
2321,sending,1
2322,public,2
2323,wall,1
2324,denote,1
2325,feeling,1
2326,wall?,1
2327,fancy,1
2328,gonna.,2
2329,reach,20
2330,level,6
2331,closing,1
2332,remote,5
2333,yep,2
2334,nilesh,4
2335,reportedly,1
2336,store,1
2337,store?,1
2338,regular,3
2339,storing,3
2340,exploration,1
2341,discovery,2
2342,b,2
2343,happens?,1
2344,depends,3
2345,factors.,1
2346,factors,1
2347,reading,1
2348,saqib,2
2349,theory,2
2350,answer.,1
2351,maintaining,2
2352,finished,1
2353,repository.,1
2354,demi,1
2355,etcetera.,2
2356,launching,5
2357,initially,1
2358,profession,1
2359,equal,1
2360,eligible,1
2361,target,1
2362,program.,5
2363,based.,1
2364,analysis,1
2365,initially.,1
2366,testing,1
2367,comment,3
2368,piece,2
2369,examination,1
2370,fresher,3
2371,oriented,1
2372,compliant,1
2373,stumble,1
2374,drug,1
2375,others,5
2376,435.,1
2377,chop,1
2378,maddila,1
2379,evening,7
2380,surya.,6
2381,monoja,1
2382,she?,1
2383,dragged,1
2384,joined?,1
2385,arrogance.,1
2386,maddila.,1
2387,boardroom,1
2388,#5,1
2389,no?,1
2390,dave,1
2391,hiring,1
2392,talent,1
2393,associate,3
2394,accusation,1
2395,organizer,1
2396,screen?,4
2397,revamped,1
2398,gotten,3
2399,actions,1
2400,feedbacks,26
2401,suggestions,29
2402,agenda,7
2403,waited,1
2404,discussions,2
2405,sourced,2
2406,individual,3
2407,slide,9
2408,offered,2
2409,platform.,2
2410,progress.,1
2411,soon,13
2412,celebrations,2
2413,year's,1
2414,awards,1
2415,formalized.,1
2416,viewed,1
2417,trial,1
2418,outliers,1
2419,formalized,1
2420,centralization,2
2421,app,2
2422,actively,4
2423,exams,1
2424,a-team.,1
2425,activities,4
2426,sudoku,1
2427,false,1
2428,cricket,15
2429,football,4
2430,curricular,1
2431,platforms.,1
2432,programs.,2
2433,participate,7
2434,bugs,1
2435,poems,2
2436,collated,1
2437,same.,3
2438,practice,3
2439,attach,1
2440,signature,3
2441,active,1
2442,resources,2
2443,wider,3
2444,feedbacks.,5
2445,presentation.,1
2446,concerns,6
2447,deliver,1
2448,likely,2
2449,pose,1
2450,had.,3
2451,sundar,1
2452,banding,1
2453,updating,1
2454,4th,1
2455,graduate,1
2456,profiles.,1
2457,wanted?,1
2458,bottomed,1
2459,nobody's,1
2460,abhimanyu.,1
2461,abhimanyu,1
2462,basu.,2
2463,just.,2
2464,seconds.,1
2465,center,2
2466,manosh.,1
2467,sitting,1
2468,coin.,1
2469,following,1
2470,resharing,1
2471,branding,5
2472,marketing,1
2473,post,6
2474,offer,2
2475,welcome,3
2476,posting,1
2477,posted,4
2478,intellect.,1
2479,rohan?,1
2480,habit,2
2481,simpler,4
2482,coordinated,1
2483,remote.,3
2484,enrollment,1
2485,participating,3
2486,funny.,1
2487,roja,1
2488,shamaness,1
2489,concern.,1
2490,dark,1
2491,basu,2
2492,sanjukta,1
2493,sakit,1
2494,soundcheck.,1
2495,culture,4
2496,planet,1
2497,periodically,1
2498,energy,3
2499,alive,1
2500,celebrating,2
2501,connected,1
2502,take.,1
2503,kenneth.,1
2504,pongal,2
2505,celebrate,1
2506,participates,2
2507,enjoys,1
2508,compliment.,1
2509,segregation.,1
2510,games,4
2511,files.,1
2512,game,4
2513,submit,1
2514,ideally,1
2515,miss,1
2516,together,4
2517,celebrate.,1
2518,fun.,1
2519,almost,2
2520,incorporate,1
2521,honestly.,1
2522,finger,1
2523,food.,1
2524,don,1
2525,showing,1
2526,program?,1
2527,audio,1
2528,improved,1
2529,organizations,2
2530,health,3
2531,camp,1
2532,webinars,2
2533,checkups,1
2534,dedicate,1
2535,scams,1
2536,order?,1
2537,fails,1
2538,concern,2
2539,translator.,2
2540,snacks,2
2541,switch,1
2542,concerned,2
2543,feedbacks?,1
2544,properly.,1
2545,emergency.,2
2546,at.,1
2547,firstly,1
2548,contact.,1
2549,station,1
2550,processes,1
2551,run,1
2552,emergency,2
2553,situations,1
2554,players.,1
2555,24,1
2556,giggling,1
2557,inform,1
2558,comfort,1
2559,tax,1
2560,else.,3
2561,saturday.,1
2562,gets,2
2563,carried,1
2564,gatwick,1
2565,topic?,4
2566,satwik,1
2567,saraf.,1
2568,shashi,1
2569,plum,2
2570,transferred,2
2571,shasha.,1
2572,communicate,2
2573,yesterday.,2
2574,already.,1
2575,concerns?,1
2576,transitions.,1
2577,we've,2
2578,travel,3
2579,visibility,1
2580,website,3
2581,23,1
2582,kilometers,1
2583,form,1
2584,descent?,1
2585,runs,1
2586,city.,1
2587,white,1
2588,phone,1
2589,vote,1
2590,direction?,1
2591,inside,2
2592,standpoint?,1
2593,1.,2
2594,board,1
2595,wheel,1
2596,adding,6
2597,by.,1
2598,reshare,2
2599,held,1
2600,busy,4
2601,exam?,1
2602,programming.,1
2603,inputs.,1
2604,assuming,1
2605,buy,1
2606,forwarding,1
2607,views.,1
2608,traveling,1
2609,distances,1
2610,arrange,2
2611,carpooling,1
2612,participation.,2
2613,success,1
2614,views,1
2615,place.,3
2616,refining,1
2617,pulse.,3
2618,moderator,3
2619,ppt.,1
2620,february,2
2621,mandate,3
2622,purposes,1
2623,improvisations,3
2624,bought,1
2625,consists,1
2626,collectively,1
2627,collected,2
2628,participants,1
2629,club.,2
2630,sports,2
2631,trophies,1
2632,clubs.,7
2633,q2,1
2634,responses?,1
2635,specialized,1
2636,seriously,1
2637,appraisal,1
2638,social,8
2639,media,7
2640,rajan,2
2641,dos,1
2642,don'ts,1
2643,handle,3
2644,appropriate,1
2645,restriction,1
2646,cautious,1
2647,twice,3
2648,sourced.,1
2649,discovered,1
2650,floor,2
2651,open.,1
2652,against?,1
2653,four.,1
2654,explanatory.,1
2655,slides,1
2656,verbally,1
2657,catch,1
2658,5th,1
2659,consist,1
2660,collate,2
2661,opinions,2
2662,development?,2
2663,growing,1
2664,leaders,2
2665,input,3
2666,connect?,1
2667,start?,1
2668,go.,1
2669,though,5
2670,saji,2
2671,ganit?,2
2672,anand,2
2673,shot.,1
2674,anish,1
2675,maitra,1
2676,anybody?,1
2677,bias,1
2678,chasing.,1
2679,digesting,1
2680,diksha,1
2681,ti,1
2682,benefited,3
2683,bloom,1
2684,harishvasanth,1
2685,cultural,1
2686,events,5
2687,occasions.,1
2688,nandini,1
2689,lapsit,1
2690,gannett.,1
2691,works.,1
2692,amanta,1
2693,knowledgeable,2
2694,dancing,1
2695,singing,1
2696,mamta,1
2697,manish.,3
2698,forum,2
2699,answered.,1
2700,noted.,4
2701,fully,1
2702,rupa.,1
2703,garrett,2
2704,edges.,1
2705,mohammed,3
2706,mishra,1
2707,3rd.,1
2708,issa.,1
2709,easy.,2
2710,or?,1
2711,current.,1
2712,isa,1
2713,rate,1
2714,accordingly,1
2715,pole,2
2716,stuck.,1
2717,polls?,1
2718,acknowledge?,1
2719,ordering,1
2720,pool,1
2721,vote?,1
2722,2023.,2
2723,neutral,1
2724,bridge,1
2725,gap,2
2726,directly.,1
2727,music,2
2728,dance,2
2729,timing,5
2730,preference,1
2731,mentioning,5
2732,oppositely,1
2733,easily,1
2734,accessible.,1
2735,sohail,1
2736,societies,1
2737,everybody's,2
2738,competitive,1
2739,showcasing,1
2740,explained,1
2741,sai,1
2742,punch,3
2743,manish,3
2744,doubts,5
2745,charities,1
2746,clarified,2
2747,rupam,1
2748,modify,1
2749,suggested,1
2750,bringing,3
2751,valuable,2
2752,specific.,1
2753,progressing,2
2754,if.,1
2755,wps,2
2756,all?,1
2757,dad.,2
2758,major,2
2759,sources,1
2760,teammates.,1
2761,members.,1
2762,pressures,1
2763,architect,1
2764,meet.,5
2765,juniors,2
2766,then?,1
2767,i?,1
2768,starts,1
2769,science.,1
2770,collapse.,1
2771,football?,1
2772,outdoor,1
2773,cycling,1
2774,indoor.,1
2775,implementation,1
2776,list.,1
2777,individually,1
2778,reinsert,1
2779,sharaz,2
2780,interaction.,1
2781,videos.,1
2782,vijay,3
2783,evani,1
2784,drishti,1
2785,vinitha,1
2786,divya.,3
2787,chennai's,2
2788,greet,1
2789,connecting,1
2790,hence,1
2791,rasika,5
2792,joinee,1
2793,journeys,1
2794,auto,1
2795,joinees,1
2796,believe.,1
2797,brief,2
2798,feel?,1
2799,practices,1
2800,whatnot.,2
2801,exchange,2
2802,everyone's,5
2803,implemented,6
2804,essence,1
2805,happens.,1
2806,recurrent,1
2807,agenda.,1
2808,until,3
2809,marking,1
2810,presence,1
2811,uploads,1
2812,automation,1
2813,ease.,1
2814,sheets,1
2815,automated.,1
2816,proud,1
2817,house.,1
2818,regards,3
2819,activities.,1
2820,sport,1
2821,event.,4
2822,location,5
2823,participated,2
2824,tournament,2
2825,reasons.,2
2826,winning,1
2827,congratulate,1
2828,none,1
2829,progress,3
2830,gather,1
2831,shoraj.,2
2832,counted,1
2833,vinita,2
2834,asked.,2
2835,namelist,1
2836,26,1
2837,operating,1
2838,bangalore.,1
2839,soon.,3
2840,intention,1
2841,presence.,1
2842,employer,1
2843,limitations,1
2844,drafted,1
2845,defined,1
2846,clarifications,1
2847,support,4
2848,improving,2
2849,rajan.,1
2850,framing,1
2851,phrasing,1
2852,him,1
2853,active.,1
2854,certainly,8
2855,ganitans.,1
2856,influencer,1
2857,crowd.,1
2858,external,1
2859,inspiration.,1
2860,could.,1
2861,blog,1
2862,publish.,1
2863,interactive,4
2864,register,6
2865,comments.,1
2866,alphabetical,1
2867,order,2
2868,abhishek.,2
2869,lucky,1
2870,these?,1
2871,moving,10
2872,manohar.,1
2873,manika.,1
2874,latest,1
2875,shift.,1
2876,approachable,1
2877,providing,2
2878,clarification,2
2879,comment.,1
2880,expectation,1
2881,tentative,1
2882,thirsty?,1
2883,distri.,1
2884,loud,1
2885,raj.,1
2886,preparing,1
2887,directions,1
2888,doing.,1
2889,release,1
2890,directions.,1
2891,expressed,1
2892,registered,1
2893,plans.,1
2894,opportunities,2
2895,wide.,1
2896,interactive.,1
2897,informative,2
2898,nominations,1
2899,inculcate,1
2900,curiosity,2
2901,aspect.,1
2902,including.,1
2903,excuse,1
2904,including,1
2905,channels,1
2906,descriptions,1
2907,exchanged,1
2908,candidates.,1
2909,vice,1
2910,descriptive,1
2911,presentable,1
2912,capture,1
2913,register.,2
2914,present,2
2915,presented,1
2916,between,2
2917,participative,2
2918,aspects.,1
2919,ownership.,1
2920,factor,2
2921,saying.,1
2922,us?,1
2923,rasika.,2
2924,#4,1
2925,ticket,1
2926,clarified.,1
2927,letting,1
2928,support.,1
2929,he'll,1
2930,flexibilities,1
2931,streamline,4
2932,jayanth,1
2933,publish,1
2934,published,2
2935,flexible,2
2936,100%,2
2937,waste,1
2938,reference,2
2939,batches.,1
2940,accordingly.,1
2941,sahil.,1
2942,due,2
2943,lack,1
2944,talk.,2
2945,totally,1
2946,stretch,1
2947,vital,1
2948,extend,1
2949,valid.,1
2950,listening.,1
2951,aspiring,1
2952,authority,1
2953,moment,4
2954,establish,1
2955,impact,1
2956,land,1
2957,places.,1
2958,said.,1
2959,noting,2
2960,seems,3
2961,constraint,1
2962,real,2
2963,tejus.,1
2964,tejus,1
2965,viewpoints.,2
2966,vijay.,2
2967,vinita.,4
2968,able.,1
2969,who?,1
2970,horrible.,1
2971,realization,1
2972,step.,1
2973,nita.,1
2974,yash,2
2975,constraints,2
2976,exam.,1
2977,streamlined,2
2978,organized,1
2979,evaluate,1
2980,contributions,1
2981,eagerly,1
2982,ticketing,2
2983,tickets,1
2984,alone.,1
2985,drive,2
2986,forced.,1
2987,enroll,1
2988,individuals.,1
2989,passion.,1
2990,options.,1
2991,viewpoints,1
2992,feelings,1
2993,receive,1
2994,dress.,1
2995,those.,2
2996,indoor,1
2997,tv,1
2998,storytelling,1
2999,stop.,1
3000,visible,3
3001,delta,2
3002,advisable,1
3003,domains,1
3004,seniors,3
3005,charge,1
3006,articles,1
3007,codes.,1
3008,while,3
3009,gloves,1
3010,wittle,1
3011,youtube,1
3012,utm,1
3013,tools,1
3014,shah,1
3015,suggestion.,1
3016,wasn't,1
3017,awesome.,2
3018,produce.,1
3019,fact,2
3020,shiva,1
3021,hari,1
3022,moments,1
3023,morning,3
3024,memos,2
3025,round,2
3026,tip,1
3027,q&a,1
3028,there?,2
3029,mindset,2
3030,city,1
3031,push,1
3032,mindset.,1
3033,weekly,3
3034,navigate,1
3035,corporate,1
3036,environments?,1
3037,positions,1
3038,particularization,1
3039,consider.,1
3040,obvious,1
3041,restaurant.,1
3042,identify,1
3043,words.,1
3044,awesome,1
3045,cool.,2
3046,4.,1
3047,love.,1
3048,weren't,1
3049,possibly.,1
3050,everyone's.,1
3051,curated.,1
3052,family,1
3053,curated,1
3054,him.,1
3055,one?,1
3056,depend,2
3057,workshops,1
3058,helpful.,1
3059,practical,2
3060,explanations,1
3061,client?,1
3062,examples.,1
3063,examples,1
3064,problems.,1
3065,quarter.,1
3066,goal?,1
3067,particularly,1
3068,tools.,1
3069,patil,1
3070,vague,1
3071,eight,1
3072,lewis,1
3073,site.,1
3074,description.,1
3075,core.,1
3076,webinar,1
3077,ables.,1
3078,shorter,1
3079,fantastic,2
3080,sessions.,2
3081,uncomfortable,1
3082,zone,1
3083,kenneth,2
3084,absolutely,2
3085,upon.,1
3086,beta,1
3087,momo.,1
3088,leaders.,1
3089,synced,1
3090,growth,2
3091,upcoming?,1
3092,differentiate,1
3093,among,2
3094,deal.,1
3095,struggling,1
3096,5-6,1
3097,pull,1
3098,stop,2
3099,availability.,1
3100,very.,1
3101,streamlined.,1
3102,sequels,1
3103,often,1
3104,fail,1
3105,although,1
3106,roles,1
3107,cup,1
3108,area,1
3109,funny,1
3110,image,4
3111,analytics,2
3112,proposals,1
3113,se,1
3114,rolling,1
3115,news,1
3116,analytics.,1
3117,coachella,1
3118,type,1
3119,saved.,1
3120,notes,1
3121,finds,2
3122,sharings,1
3123,itself.,1
3124,article,1
3125,comic,1
3126,separate,1
3127,weird,1
3128,9:00,3
3129,o'clock,1
3130,starts.,1
3131,10301040.,1
3132,early,1
3133,9:30,1
3134,ten,1
3135,o'clock.,1
3136,won't.,1
3137,9:30.,1
3138,ten.,1
3139,clocking,3
3140,6:30,2
3141,i'll.,1
3142,we?,1
3143,boil,1
3144,bring.,1
3145,swelling.,1
3146,oh,3
3147,4,1
3148,force.,1
3149,basically.,3
3150,site,1
3151,designation,1
3152,perfect.,1
3153,3035,1
3154,slide.,1
3155,manual,1
3156,transparent,1
3157,fixable,1
3158,initiated.,1
3159,brand,1
3160,hashtag,1
3161,followed.,1
3162,welcome.,2
3163,mode,2
3164,consent,2
3165,betterment.,1
3166,on?,3
3167,from.,1
3168,vision,1
3169,benefit?,1
3170,electric,1
3171,everything's,1
3172,akash,1
3173,adult.,1
3174,paige?,1
3175,beach.,1
3176,beijing.,1
3177,added.,1
3178,shubham.,1
3179,stand,1
3180,special?,1
3181,sathish,1
3182,fish?,1
3183,individual.,1
3184,jennifer.,1
3185,press,1
3186,shall,1
3187,share.,2
3188,clean.,1
3189,network,2
3190,forgetting,1
3191,single.,1
3192,obvious.,1
3193,sri,1
3194,kindly,1
3195,delayed,1
3196,pool.,1
3197,received.,1
3198,shivram,1
3199,direct,2
3200,pipes,1
3201,simulate,2
3202,feels,4
3203,managing,1
3204,deals,1
3205,efficient,1
3206,dl.,1
3207,considered,1
3208,working.,1
3209,changing.,1
3210,changing,3
3211,plus.,1
3212,what's?,1
3213,disconnecting,1
3214,visit.,1
3215,because.,1
3216,issues.,1
3217,ticket.,2
3218,more?,1
3219,equipping,1
3220,caps,1
3221,leader?,1
3222,dinner?,1
3223,gap.,1
3224,639.,1
3225,listen.,1
3226,played,1
3227,ours,1
3228,report,2
3229,clocked,3
3230,logged,1
3231,blocked,1
3232,punched,1
3233,creation.,1
3234,functionality,2
3235,baby?,1
3236,office?,2
3237,customer.,1
3238,technical.,1
3239,difference.,1
3240,companies.,1
3241,god.,2
3242,middle.,2
3243,2?,1
3244,cylinder,1
3245,going.,1
3246,something?,2
3247,students,1
3248,sweet,1
3249,16.,1
3250,watching,1
3251,kids.,1
3252,quizzes,1
3253,game.,1
3254,participate.,2
3255,compete,1
3256,showcase,1
3257,interestingly.,1
3258,somebody.,1
3259,yesterday,1
3260,initiative.,1
3261,revise,1
3262,silence,1
3263,difficult.,1
3264,bandwidth,1
3265,assignments.,1
3266,exempted,1
3267,loading,1
3268,blank.,1
3269,peers,1
3270,highlighted,1
3271,plugged,1
3272,ended,1
3273,thrice,1
3274,reminder,3
3275,forceful.,1
3276,messages,1
3277,agreed,1
3278,11,1
3279,continuous,1
3280,forceful,1
3281,orders,1
3282,force,1
3283,ohe,1
3284,annesley,1
3285,honest,1
3286,mark,1
3287,against,1
3288,tech,1
3289,dynamic,2
3290,nature.,1
3291,responsible,1
3292,tomorrow,1
3293,duration,1
3294,pcs,1
3295,passionately,1
3296,mails,1
3297,tests,2
3298,true,1
3299,pm.,1
3300,inclusion,1
3301,value.,1
3302,whom,3
3303,purpose.,1
3304,exact.,1
3305,connects,2
3306,monthly,1
3307,suggesting,1
3308,fresh,1
3309,air,1
3310,hybrid,2
3311,events.,1
3312,connection.,1
3313,interaction,1
3314,offer.,1
3315,across.,1
3316,collaborate.,1
3317,meetups,1
3318,freely,1
3319,mimic,1
3320,water,1
3321,cooler,1
3322,tops,1
3323,sorts.,1
3324,newcomers,1
3325,assume,1
3326,pitch,1
3327,agreed.,1
3328,telephone,1
3329,out?,1
3330,college?,1
3331,violent,1
3332,approaching,1
3333,seniors?,1
3334,natural,1
3335,stigma.,1
3336,afraid?,1
3337,get.,2
3338,parallel,1
3339,buddy,2
3340,assigned,1
3341,regardless,1
3342,nokia.,1
3343,redirected,1
3344,teaser,1
3345,vinitha's,1
3346,milestone,1
3347,resolve,1
3348,irregardless,1
3349,accustomed,1
3350,teachers,1
3351,knows,1
3352,problems?,1
3353,35,2
3354,break,1
3355,uploaded,1
3356,started.,2
3357,cross.,1
3358,yours,1
3359,suraj.,2
3360,low.,1
3361,implemented?,1
3362,accessible,1
3363,intranet.,3
3364,htopicere,1
3365,want?,1
3366,modified,1
3367,convenience.,1
3368,nilesh.,2
3369,tara.,1
3370,ashwin,2
3371,explaining.,1
3372,atharva?,1
3373,vineta,1
3374,atharva.,2
3375,vinitha.,1
3376,worries.,1
3377,eta.,1
3378,convey,1
3379,message,1
3380,centralized,1
3381,stuffs,1
3382,chance,1
3383,cedant,1
3384,aside,1
3385,thank.,1
3386,satwik.,2
3387,amrita.,2
3388,participated.,1
3389,phone.,1
3390,rupam.,1
3391,two-month?,1
3392,chances,1
3393,opening,1
3394,literally,1
3395,suravajhala,1
3396,english.,1
3397,botox?,1
3398,earlier.,1
3399,reporting,2
3400,requesting,2
3401,goal.,1
3402,suraj,1
3403,suman,1
3404,attending,1
3405,pcm,2
3406,shortly,1
3407,higher,1
3408,authorities,1
3409,kartik.,1
3410,16th,1
3411,march,1
3412,happened?,2
3413,discussing.,1
3414,updated.,1
3415,section,1
3416,card,1
3417,stage,1
3418,yours.,1
3419,broadly,1
3420,further?,1
3421,sub,1
3422,scaling.,1
3423,been.,1
3424,stated.,1
3425,other?,1
3426,vaishnavi.,1
3427,naik,1
3428,rest,1
3429,later.,2
3430,one-on-one,1
3431,shoot,1
3432,answers.,1
3433,deposit,1
3434,updates,1
3435,answers,1
3436,technique.,1
3437,fear,1
3438,pointed,2
3439,cannon,1
3440,s,1
3441,navy,1
3442,expert.,1
3443,picked,1
3444,hesitating,1
3445,mailing?,1
3446,know?,1
3447,spoke.,1
3448,pointers,1
3449,case?,1
3450,building.,1
3451,risk,1
3452,loves,1
3453,glance,1
3454,anonymous.,1
3455,anonymous,1
3456,mainly,1
3457,saturate,1
3458,version,1
3459,wanted.,1
3460,audible,1
3461,difference,1
3462,mailing,1
3463,day's,1
3464,policy?,1
3465,except,1
3466,clarification.,1
